id;nome;email;crm;ativo
1;whenever;MariaClara_Pereira@hotmail.com;whose;false
2;woot;Murilo20@gmail.com;psst when fooey;false
3;verifiable;PedroHenrique84@live.com;adolescent eavesdropper;true
4;mmm literate;Marina_Souza@live.com;yowza;false
5;knowledgeably eventually;Alessandra88@bol.com.br;inside;false
6;woot boohoo;Yago8@yahoo.com;despair;false
7;yesterday;Esther_Barros@live.com;hem original arrangement;true
8;deadline carter wolf;Eduarda_Moreira@hotmail.com;immaculate ouch even;false
9;disafforest because suffocate;Enzo.Oliveira57@bol.com.br;hatchling when sensitise;true
10;known blissfully owl;Dalila.Macedo@bol.com.br;accouter emission duh;true
